Submitted At,Name,Email,Film Link,Film Title,Message,Runtime,Subject,Tools Used
2026-06-23T18:24:15.567Z,Yoel Reina,Drakcoolis@gmail.com,https://youtu.be/21jHAuyGYdc,Eyes and Ears,"New film submission received:

Creator: Yoel Reina
Email: Drakcoolis@gmail.com
Film Title: Eyes and Ears
Film Link: https://youtu.be/21jHAuyGYdc
Runtime: 7m 27s
Tools Used: Seeddance 2.0 Enhanced Fast
Synopsis: This is a short story within the Dark Brigade Universe (a fantasy opera told through music):

The Dark Brigade is an original fantasy saga told through music, animation, and immersive worldbuilding. Every song advances the story as armies march, kingdoms fall, heroes rise, and ancient powers awaken.
Owns Rights: Yes
Permission to Feature: Yes
Submitted At: 6/23/2026, 2:24:15 PM",7m 27s,[Madtape] New Film Submission — Eyes and Ears,Seeddance 2.0 Enhanced Fast
2026-06-23T10:25:06.551Z,Michal Moc,mocmichal@gmail.com,https://www.youtube.com/watch?v=mDqHvSYiFfs,Prompting Reality - Trailer,"New film submission received:

Creator: Michal Moc
Email: mocmichal@gmail.com
Film Title: Prompting Reality - Trailer
Film Link: https://www.youtube.com/watch?v=mDqHvSYiFfs
Runtime: 2m 19s
Tools Used: Veo3
Synopsis: Two boys discover new AI model that can do more than it seems...
Owns Rights: Yes
Permission to Feature: Yes
Submitted At: 6/23/2026, 12:25:06 PM",2m 19s,[Madtape] New Film Submission — Prompting Reality - Trailer,Veo3
2026-06-21T22:23:52.693Z,Test Creator2,info.hamza.abu3ayash@gmail.com2,,,"New film submission received:

Creator: Test Creator2
Email: info.hamza.abu3ayash@gmail.com2
Film Title: Test Film Submission2
Film Link: https://www.youtube.com/watch?v=qgnDbQ1aM54
Runtime: 3m 45s2
Tools Used: Sora, Midjourney, Runway Gen-3
Synopsis: test 2 test 2 test 2 test 2 test 2 test 2 test 2 test 2 test 2 test 2 test 2 test 2 test 2 test 2 test 2 test 2 test 2 test 2 test 2 test 2 test 2 test 2 test 2 test 2 test 2 test 2 test 2 test 2 test 2 test 2 test 2 test 2 test 2 test 2 test 2 test 2 test 2 test 2 test 2 test 2 test 2 test 2 test 2 test 2 test 2 test 2 test 2 test 2 test 2 test 2 test 2 test 2 test 2 test 2 test 2 test 2 test 2 test 2 test 2 test 2 test 2 test 2 test 2 test 2 test 2 test 2 test 2 test 2 test 2 test 2 test 2 test 2 test 2 test 2 test 2 test 2 test 2 test 2 test 2 test 2 test 2 test 2 test 2 test 2 test 2 test 2 test 2 test 2 test 2 test 2 test 2 test 2 test 2 test 2 test 2 test 2 test 2 test 2 test 2 test 2 test 2 test 2 test 2 test 2 test 2 test 2 test 2 test 2 test 2 test 2 test 2 test 2 test 2 test 2 test 2 test 2 test 2 test 2 test 2 test 2 test 2 test 2 test 2 test 2 test 2 test 2 test 2 test 2 test 2 test 2 test 2 test 2 test 2 test 2 test 2 test 2 test 2 test 2 test 2 test 2 test 2 test 2 test 2 test 2 test 2 test 2 test 2 test 2 test 2 test 2 test 2 test 2 test 2 test 2 test 2 test 2 test 2 test 2 test 2 test 2 test 2 test 2 test 2 test 2 test 2 test 2 test 2 test 2 test 2 test 2 test 2 test 2 test 2 test 2 test 2 test 2 test 2 test 2 test 2 test 2 test 2 test 2 test 2 test 2 test 2 test 2 test 2 test 2 test 2 test 2 test 2 test 2 test 2 test 2 test 2 test 2 test 2 test 2 test 2 test 2 
Owns Rights: Yes
Permission to Feature: Yes
Submitted At: 6/22/2026, 1:23:51 AM",,[Madtape] New Film Submission — Test Film Submission2,
2026-06-21T22:19:59.660Z,Test Creator2,info.hamza.abu3ayash@gmail.com2,,,"New film submission received:

Creator: Test Creator2
Email: info.hamza.abu3ayash@gmail.com2
Film Title: Test Film Submission2
Film Link: https://www.youtube.com/watch?v=qgnDbQ1aM54
Runtime: 3m 45s2
Tools Used: Sora, Midjourney, Runway Gen-3
Synopsis: test 2 test 2 test 2 test 2 test 2 test 2 test 2 test 2 test 2 test 2 test 2 test 2 test 2 test 2 test 2 test 2 test 2 test 2 test 2 test 2 test 2 test 2 test 2 test 2 test 2 test 2 test 2 test 2 test 2 test 2 test 2 test 2 test 2 test 2 test 2 test 2 test 2 test 2 test 2 test 2 test 2 test 2 test 2 test 2 test 2 test 2 test 2 test 2 test 2 test 2 test 2 test 2 test 2 test 2 test 2 test 2 test 2 test 2 test 2 test 2 test 2 test 2 test 2 test 2 test 2 test 2 test 2 test 2 test 2 test 2 test 2 test 2 test 2 test 2 test 2 test 2 test 2 test 2 test 2 test 2 test 2 test 2 test 2 test 2 test 2 test 2 test 2 test 2 test 2 test 2 test 2 test 2 test 2 test 2 test 2 test 2 test 2 test 2 test 2 test 2 test 2 test 2 test 2 test 2 test 2 test 2 test 2 test 2 test 2 test 2 test 2 test 2 test 2 test 2 test 2 test 2 test 2 test 2 test 2 test 2 test 2 test 2 test 2 test 2 test 2 test 2 test 2 test 2 test 2 test 2 test 2 test 2 test 2 test 2 test 2 test 2 test 2 test 2 test 2 test 2 test 2 test 2 test 2 test 2 test 2 test 2 test 2 test 2 test 2 test 2 test 2 test 2 test 2 test 2 test 2 test 2 test 2 test 2 test 2 test 2 test 2 test 2 test 2 test 2 test 2 test 2 test 2 test 2 test 2 test 2 test 2 test 2 test 2 test 2 test 2 test 2 test 2 test 2 test 2 test 2 test 2 test 2 test 2 test 2 test 2 test 2 test 2 test 2 test 2 test 2 test 2 test 2 test 2 test 2 test 2 test 2 test 2 test 2 test 2 test 2 
Owns Rights: Yes
Permission to Feature: Yes
Submitted At: 6/22/2026, 1:19:59 AM",,[Madtape] New Film Submission — Test Film Submission2,
